{"name":"b56339de-d41b-41c3-975a-5cc928ae554c","id":"/providers/Microsoft.Flow/flows/b56339de-d41b-41c3-975a-5cc928ae554c","type":"Microsoft.Flow/flows","properties":{"apiId":"/providers/Microsoft.PowerApps/apis/shared_logicflows","displayName":"SendNotificationToFinanceTeam","definition":{"metadata":{"workflowEntityId":null,"processAdvisorMetadata":null,"flowclientsuspensionreason":"None","flowclientsuspensiontime":null,"flowclientsuspensionreasondetails":null,"creator":{"id":"2201daa9-f41a-4f21-97f2-2fadc8089b34","type":"User","tenantId":"72f988bf-86f1-41af-91ab-2d7cd011db47"},"provisioningMethod":"FromDefinition","failureAlertSubscription":true,"clientLastModifiedTime":"2023-01-05T05:54:50.3787969Z"},"$schema":"https://schema.management.azure.com/providers/Microsoft.Logic/schemas/2016-06-01/workflowdefinition.json#","contentVersion":"1.0.0.0","parameters":{"$connections":{"defaultValue":{},"type":"Object"},"$authentication":{"defaultValue":{},"type":"SecureObject"}},"triggers":{"manual":{"metadata":{"operationMetadataId":"6c8fc518-5290-400f-83d1-d54a599c6f4a"},"type":"Request","kind":"Http","inputs":{}}},"actions":{"Parse_JSON":{"runAfter":{},"metadata":{"operationMetadataId":"44f6be00-0bf1-4ec2-937b-682d3cb594e2"},"type":"ParseJson","inputs":{"content":"@triggerBody()","schema":{"type":"array","items":{"type":"object","properties":{"id":{"type":"string"},"subject":{"type":"string"},"eventType":{"type":"string"},"data":{"type":"object","properties":{"RaisedAmount":{"type":"string"},"AppovedAmount":{"type":"string"}}},"dataVersion":{"type":"string"},"metadataVersion":{"type":"string"},"eventTime":{"type":"string"},"topic":{"type":"string"}},"required":["id","subject","eventType","data","dataVersion","metadataVersion","eventTime","topic"]}}}},"Apply_to_each":{"foreach":"@body('Parse_JSON')","actions":{"Post_message_in_a_chat_or_channel":{"runAfter":{},"metadata":{"operationMetadataId":"911cf310-2ed3-467f-bf64-28de60a3f083"},"type":"OpenApiConnection","inputs":{"host":{"apiId":"/providers/Microsoft.PowerApps/apis/shared_teams","connectionName":"shared_teams_1","operationId":"PostMessageToConversation"},"parameters":{"poster":"Flow bot","location":"Group chat","body/recipient":"19:83fd272983e74be2af30a085cbacaa85@thread.v2","body/messageBody":"<p>Hi Finance Team,<br>\n<br>\nNew claim is now approved. Please proceed with the payments.<br>\n<br>\nClaimRaisedAmount : @{items('Apply_to_each')?['data']?['RaisedAmount']}<br>\nAmount Approved : @{items('Apply_to_each')?['data']?['AppovedAmount']}<br>\n<br>\nThanks</p>"},"authentication":"@parameters('$authentication')"}}},"runAfter":{"Parse_JSON":["Succeeded"]},"metadata":{"operationMetadataId":"a0c9646f-9c9f-4067-8147-d0e41dd3be11"},"type":"Foreach"}},"outputs":{}},"connectionReferences":{"shared_teams_1":{"connectionName":"shared-teams-e0a6c1ba-5365-4097-999b-9da7f96194b5","source":"Embedded","id":"/providers/Microsoft.PowerApps/apis/shared_teams","tier":"NotSpecified"}},"flowFailureAlertSubscribed":false,"isManaged":false}}