{"schemaVersion":"1.0","appDefinitionTemplate":{"id":"/providers/Microsoft.PowerApps/apps/","type":"Microsoft.PowerApps/apps","tags":{"primaryDeviceWidth":"1366","primaryDeviceHeight":"768","supportsPortrait":"true","supportsLandscape":"true","primaryFormFactor":"Tablet","publisherVersion":"3.22122.12","minimumRequiredApiVersion":"2.2.0","hasComponent":"false","hasUnlockedComponent":"false","isUnifiedRootApp":"false","sienaVersion":"20230103T075554Z-3.22122.12.0"},"properties":{"appVersion":"2023-01-03T07:55:54Z","lifeCycleId":"Published","createdByClientVersion":{"major":3,"minor":22122,"build":12,"revision":0,"majorRevision":0,"minorRevision":0},"minClientVersion":{"major":3,"minor":22122,"build":12,"revision":0,"majorRevision":0,"minorRevision":0},"backgroundColor":"RGBA(0,176,240,1)","backgroundImageUri":"/8375355779629500344/Na7ce1050-12e1-468e-83ba-ac624406c760-logoSmallFile","displayName":"BPA_Lab_v1","description":"","commitMessage":"","appUris":{"documentUri":{"value":"/8375355779629500344/Ncc672423-bcad-4ac6-9d99-6cabc6156a4d-document.msapp"},"imageUris":[],"additionalUris":[]},"createdTime":"0001-01-01T00:00:00Z","lastModifiedTime":"0001-01-01T00:00:00Z","sharedGroupsCount":0,"sharedUsersCount":0,"icons":{"smallIconUri":"/8375355779629500344/Nca2c4bf1-1ab4-430a-8fa3-e69d9587c564-small.png","mediumIconUri":"/8375355779629500344/Nbc912178-5b0e-4a0f-a9e1-0dd8a1e6c5b5-medium.png","largeIconUri":"/8375355779629500344/N5bf2b2f9-09b6-472e-8045-18cc0b6a6c2d-large.png","wideIconUri":"/8375355779629500344/N9ca2230d-40b4-407f-bdd9-1e0a27029e4c-wide.png"},"connectionReferences":{},"databaseReferences":{"default.cds":{"databaseDetails":{"referenceType":"Environmental","environmentName":"default.cds","overrideValues":{"status":"NotSpecified"}},"dataSources":{"43b0dc67-68af-47ae-9a9c-9e69d396ba3e":{"entitySetName":"msdyn_aimodels","logicalName":"msdyn_aimodel"}},"actions":["providers/PowerPlatform.Governance/Operations/Read"]}},"almMode":"Environment","performanceOptimizationEnabled":true,"canConsumeAppPass":true,"enableModernRuntimeMode":false,"executionRestrictions":{"isTeamsOnly":false,"dataLossPreventionEvaluationResult":{"status":"Compliant","lastEvaluationDate":"2022-12-27T13:02:27.5797038Z","violations":[],"violationsByPolicy":[],"violationErrorMessage":"The app uses the following connectors: ."}}},"appType":"ClassicCanvasApp","appComponents":[]}}