{"name":"9c44ea6a-5240-40d2-9682-44d8588e33e9","id":"/providers/Microsoft.Flow/flows/9c44ea6a-5240-40d2-9682-44d8588e33e9","type":"Microsoft.Flow/flows","properties":{"apiId":"/providers/Microsoft.PowerApps/apis/shared_logicflows","displayName":"Calculation_email_approval","definition":{"metadata":{"workflowEntityId":null,"processAdvisorMetadata":null,"flowclientsuspensionreason":"None","flowclientsuspensiontime":null,"flowclientsuspensionreasondetails":null,"creator":{"id":"2201daa9-f41a-4f21-97f2-2fadc8089b34","type":"User","tenantId":"72f988bf-86f1-41af-91ab-2d7cd011db47"},"provisioningMethod":"FromDefinition","failureAlertSubscription":true,"clientLastModifiedTime":"2023-01-05T06:07:31.3220209Z"},"$schema":"https://schema.management.azure.com/providers/Microsoft.Logic/schemas/2016-06-01/workflowdefinition.json#","contentVersion":"1.0.0.0","parameters":{"$connections":{"defaultValue":{},"type":"Object"},"$authentication":{"defaultValue":{},"type":"SecureObject"}},"triggers":{"manual":{"metadata":{"operationMetadataId":"53b74ec8-5417-4d1a-b617-279edd7e33e7"},"type":"Request","kind":"PowerApp","inputs":{"schema":{"type":"object","properties":{"Initializevariable2_Value":{"type":"integer","description":"Enter initial value","x-ms-powerflows-param-ispartial":false},"Initializevariable2_Value_1":{"type":"any"}},"required":["Initializevariable2_Value","Initializevariable2_Value_1"]}}}},"actions":{"Initialize_variable":{"runAfter":{},"metadata":{"operationMetadataId":"0e49704d-968d-4253-8f99-8ed3c613a95f"},"type":"InitializeVariable","inputs":{"variables":[{"name":"TotalAmount","type":"integer","value":"@add(add(int(triggerBody()['Sendanemail(V2)_Body']),int(triggerBody()['Sendanemail(V2)_Body_1'])),add(int(triggerBody()['Initializevariable2_Value']),int(triggerBody()['Initializevariable2_Value_1'])))"}]}},"Start_and_wait_for_an_approval":{"runAfter":{"Initialize_variable_2":["Succeeded"]},"metadata":{"operationMetadataId":"5428761a-07fd-466b-b1b2-a3e75e500d56"},"type":"OpenApiConnectionWebhook","inputs":{"host":{"apiId":"/providers/Microsoft.PowerApps/apis/shared_approvals","connectionName":"shared_approvals","operationId":"StartAndWaitForAnApproval"},"parameters":{"approvalType":"Basic","WebhookApprovalCreationInput/title":"Approval Required","WebhookApprovalCreationInput/assignedTo":"v-khareayush@microsoft.com;","WebhookApprovalCreationInput/details":"Hi,\nPlease Approve or Reject the raised claim.\nFinal Amount to be paid : @{variables('FinalPayment')}","WebhookApprovalCreationInput/enableNotifications":true,"WebhookApprovalCreationInput/enableReassignment":true},"authentication":{"value":"@json(decodeBase64(triggerOutputs().headers['X-MS-APIM-Tokens']))['$ConnectionKey']","type":"Raw"}}},"Initialize_variable_2":{"runAfter":{"Send_an_email_(V2)_3":["Succeeded"]},"metadata":{"operationMetadataId":"ae7617d9-9643-48a8-98c6-8a96c6b95a44"},"type":"InitializeVariable","inputs":{"variables":[{"name":"FinalPayment","type":"integer","value":"@div(mul(80,variables('TotalAmount')),100)"}]}},"Condition":{"actions":{"Send_an_email_(V2)_2":{"runAfter":{},"metadata":{"operationMetadataId":"4cb814a2-8694-41ae-8177-25d1b1bdea9e"},"type":"OpenApiConnection","inputs":{"host":{"apiId":"/providers/Microsoft.PowerApps/apis/shared_office365","connectionName":"shared_office365","operationId":"SendEmailV2"},"parameters":{"emailMessage/To":"v-khareayush@microsoft.com","emailMessage/Subject":"Insurance claim Approved","emailMessage/Body":"<p>Hi,<br>\n<br>\nInsurance claim raised by you is now Approved.<br>\n<br>\nRaised Amount : @{variables('TotalAmount')}<br>\nApproved Amount : @{variables('FinalPayment')}<br>\n<br>\nThanks,<br>\nInsurance Team</p>","emailMessage/Importance":"Normal"},"authentication":{"value":"@json(decodeBase64(triggerOutputs().headers['X-MS-APIM-Tokens']))['$ConnectionKey']","type":"Raw"}}},"Publish_Event_3":{"runAfter":{"Send_an_email_(V2)_2":["Succeeded"]},"metadata":{"operationMetadataId":"4c33ac79-7b76-41d4-9ce8-0d93d8a540c2"},"type":"OpenApiConnection","inputs":{"host":{"apiId":"/providers/Microsoft.PowerApps/apis/shared_azureeventgridpublish","connectionName":"shared_azureeventgridpublish_1","operationId":"PublishEvent"},"parameters":{"body":[{"id":"1","subject":"BPA-Claim","eventType":"BPA-Claim","data":{"RaisedAmount":"@{variables('TotalAmount')}","AppovedAmount":"@{variables('FinalPayment')}"}}]},"authentication":{"value":"@json(decodeBase64(triggerOutputs().headers['X-MS-APIM-Tokens']))['$ConnectionKey']","type":"Raw"}}}},"runAfter":{"Start_and_wait_for_an_approval":["Succeeded"]},"else":{"actions":{"Apply_to_each":{"foreach":"@outputs('Start_and_wait_for_an_approval')?['body/responses']","actions":{"Send_an_email_(V2)":{"runAfter":{},"metadata":{"operationMetadataId":"4cb814a2-8694-41ae-8177-25d1b1bdea9e"},"type":"OpenApiConnection","inputs":{"host":{"apiId":"/providers/Microsoft.PowerApps/apis/shared_office365","connectionName":"shared_office365","operationId":"SendEmailV2"},"parameters":{"emailMessage/To":"v-khareayush@microsoft.com","emailMessage/Subject":"Insurance claim Rejected","emailMessage/Body":"<p>Hi,<br>\n<br>\nInsurance claim raised by you is Rejected.<br>\nRaised Amount : @{variables('TotalAmount')}<br>\nReason : @{items('Apply_to_each')?['comments']}<br>\n<br>\nThanks,<br>\nInsurance Team</p>","emailMessage/Importance":"Normal"},"authentication":{"value":"@json(decodeBase64(triggerOutputs().headers['X-MS-APIM-Tokens']))['$ConnectionKey']","type":"Raw"}}}},"runAfter":{},"metadata":{"operationMetadataId":"1968f8bd-3ffa-4c81-92b1-8e62046f6d65"},"type":"Foreach"}}},"expression":{"equals":["@outputs('Start_and_wait_for_an_approval')?['body/outcome']","Approve"]},"metadata":{"operationMetadataId":"4c7537a7-3a20-432f-9f3f-14d734f43347"},"type":"If"},"Send_an_email_(V2)_3":{"runAfter":{"Initialize_variable":["Succeeded"]},"metadata":{"operationMetadataId":"4cb814a2-8694-41ae-8177-25d1b1bdea9e"},"type":"OpenApiConnection","inputs":{"host":{"apiId":"/providers/Microsoft.PowerApps/apis/shared_office365","connectionName":"shared_office365","operationId":"SendEmailV2"},"parameters":{"emailMessage/To":"v-khareayush@microsoft.com","emailMessage/Subject":"Insurance claim created","emailMessage/Body":"<p>Hi,<br>\n<br>\nClaim raised successfully for Amount : &nbsp;@{variables('TotalAmount')}<br>\n<br>\nThanks,<br>\nInsurance Team</p>","emailMessage/Importance":"Normal"},"authentication":{"value":"@json(decodeBase64(triggerOutputs().headers['X-MS-APIM-Tokens']))['$ConnectionKey']","type":"Raw"}}}}},"connectionReferences":{"shared_approvals":{"connectionName":"shared-approvals-0db63257-10ae-4d7d-91e0-12f8496ea714","source":"Invoker","id":"/providers/Microsoft.PowerApps/apis/shared_approvals","tier":"NotSpecified"},"shared_office365":{"connectionName":"shared-office365-0716056f-109b-4ebe-bd01-0c18bb0075db","source":"Invoker","id":"/providers/Microsoft.PowerApps/apis/shared_office365","tier":"NotSpecified"},"shared_azureeventgridpublish_1":{"connectionName":"shared-azureeventgri-4baf7f2d-4555-426b-8246-dbce2003266f","source":"Invoker","id":"/providers/Microsoft.PowerApps/apis/shared_azureeventgridpublish","tier":"NotSpecified"}},"flowFailureAlertSubscribed":false,"isManaged":false}}